﻿[
  {
    "Cod": "034001",
    "Nome": "Albareto"
  },
  {
    "Cod": "034002",
    "Nome": "Bardi"
  },
  {
    "Cod": "034003",
    "Nome": "Bedonia"
  },
  {
    "Cod": "034004",
    "Nome": "Berceto"
  },
  {
    "Cod": "034005",
    "Nome": "Bore"
  },
  {
    "Cod": "034006",
    "Nome": "Borgo Val di Taro"
  },
  {
    "Cod": 034007,
    "Nome": "Busseto"
  },
  {
    "Cod": "034008",
    "Nome": "Calestano"
  },
  {
    "Cod": "034009",
    "Nome": "Collecchio"
  },
  {
    "Cod": "034010",
    "Nome": "Colorno"
  },
  {
    "Cod": "034011",
    "Nome": "Compiano"
  },
  {
    "Cod": "034012",
    "Nome": "Corniglio"
  },
  {
    "Cod": "034013",
    "Nome": "Felino"
  },
  {
    "Cod": "034014",
    "Nome": "Fidenza"
  },
  {
    "Cod": "034015",
    "Nome": "Fontanellato"
  },
  {
    "Cod": "034016",
    "Nome": "Fontevivo"
  },
  {
    "Cod": "034017",
    "Nome": "Fornovo di Taro"
  },
  {
    "Cod": "034018",
    "Nome": "Langhirano"
  },
  {
    "Cod": "034019",
    "Nome": "Lesignano de' Bagni"
  },
  {
    "Cod": "034020",
    "Nome": "Medesano"
  },
  {
    "Cod": "034022",
    "Nome": "Monchio Delle Corti"
  },
  {
    "Cod": "034023",
    "Nome": "Montechiarugolo"
  },
  {
    "Cod": "034024",
    "Nome": "Neviano Degli Arduini"
  },
  {
    "Cod": "034025",
    "Nome": "Noceto"
  },
  {
    "Cod": "034026",
    "Nome": "Palanzano"
  },
  {
    "Cod": "034027",
    "Nome": "Parma"
  },
  {
    "Cod": "034028",
    "Nome": "Pellegrino Parmense"
  },
  {
    "Cod": "034050",
    "Nome": "Polesine Zibello"
  },
  {
    "Cod": "034030",
    "Nome": "Roccabianca"
  },
  {
    "Cod": "034031",
    "Nome": "Sala Baganza"
  },
  {
    "Cod": "034032",
    "Nome": "Salsomaggiore Terme"
  },
  {
    "Cod": "034033",
    "Nome": "San Secondo Parmense"
  },
  {
    "Cod": "034049",
    "Nome": "Sissa Trecasali"
  },
  {
    "Cod": "034035",
    "Nome": "Solignano"
  },
  {
    "Cod": "034036",
    "Nome": "Soragna"
  },
  {
    "Cod": "034051",
    "Nome": "Sorbolo Mezzani"
  },
  {
    "Cod": "034038",
    "Nome": "Terenzo"
  },
  {
    "Cod": "034039",
    "Nome": "Tizzano Val Parma"
  },
  {
    "Cod": "034040",
    "Nome": "Tornolo"
  },
  {
    "Cod": "034041",
    "Nome": "Torrile"
  },
  {
    "Cod": "034042",
    "Nome": "Traversetolo"
  },
  {
    "Cod": "034044",
    "Nome": "Valmozzola"
  },
  {
    "Cod": "034045",
    "Nome": "Varano de' Melegari"
  },
  {
    "Cod": "034046",
    "Nome": "Varsi"
  }
]
